{
  "snr_range": [
    0.0,
    0.5,
    1.0,
    1.5,
    2.0,
    2.5,
    3.0,
    3.5,
    4.0,
    4.5,
    5.0,
    5.5,
    6.0
  ],
  "results": {
    "Flooded Min-Sum": [
      0.18371212121212122,
      0.17518939393939395,
      0.15376420454545456,
      0.14500473484848486,
      0.1376657196969697,
      0.1259469696969697,
      0.11884469696969698,
      0.1045217803030303,
      0.09718276515151515,
      0.09008049242424243,
      0.02852746212121212,
      0.09410511363636363,
      0.18312026515151514
    ],
    "Layered Min-Sum": [
      0.16666666666666666,
      0.16193181818181818,
      0.13813920454545456,
      0.1308001893939394,
      0.11316287878787878,
      0.10381155303030302,
      0.09564393939393939,
      0.08132102272727272,
      0.00670770202020202,
      0.0008022937710437711,
      0.0003288089225589226,
      0.0003419612794612795,
      0.00041035353535353534
    ],
    "Gallagher B": [
      0.18915719696969696,
      0.18098958333333334,
      0.17128314393939395,
      0.15447443181818182,
      0.13825757575757575,
      0.12263257575757576,
      0.11600378787878787,
      0.10854640151515152,
      0.10203598484848485,
      0.0868844696969697,
      0.08191287878787878,
      0.07646780303030302,
      0.0654592803030303
    ],
    "GDBF": [
      0.14760890151515152,
      0.14855587121212122,
      0.12346117424242424,
      0.11766098484848485,
      0.10523200757575757,
      0.08925189393939394,
      0.08321496212121213,
      0.07090435606060606,
      0.05930397727272727,
      0.04616477272727273,
      0.035037878787878785,
      0.031013257575757576,
      0.02462121212121212
    ]
  }
}